word_original	en	fr	de	ru	zh	es	ja	ko	it	claude_en	claude_fr	claude_de	claude_ru	claude_zh	claude_es	claude_ja	claude_ko	claude_it
book	book	livre	Buch	книга	书	libro	本	책	libro	['tome', 'volume', 'publication', 'text', 'novel', 'manuscript']	['ouvrage', 'tome', 'bouquin', 'volume', 'publication']	['Band', 'Werk', 'Lektüre', 'Schrift', 'Wälzer']	['том', 'издание', 'произведение', 'труд']	['册', '本', '卷', '著作', '书籍']	['tomo', 'volumen', 'obra', 'texto', 'publicación']	['書籍', '冊子', '書物', '書', '著書']	"[""서적"", ""도서"", ""문헌"", ""저서"", ""교재""]"	"[""volume"", ""tomo"", ""pubblicazione"", ""opera"", ""testo""]"
cloud	cloud	nuage	Wolke	облако	云	nube	雲	구름	nuvola	['mist', 'fog', 'haze', 'vapor']	['nuée', 'brume', 'vapeur']	['Gewölk', 'Dunst', 'Nebel', 'Schleier']	['туча', 'тучка', 'облачко']	['云朵', '云彩', '云层']	['nubarrón', 'nubosidad']	['雲霧', '雲海', '曇']	"[""운"", ""먹구름"", ""뭉게구름""]"	"[""nube"", ""nembo"", ""cumulo""]"
bag	bag	sac	Tasche	сумка	包	bolsa	鞄	가방	borsa	['sack', 'pouch', 'purse', 'container', 'tote']	['sacoche', 'poche', 'besace', 'sac à main']	['Beutel', 'Sack', 'Tüte', 'Rucksack', 'Koffer']	['сумочка', 'мешок', 'пакет', 'портфель']	['袋', '包包', '手提包', '背包']	['saco', 'bolso', 'mochila', 'cartera']	['バッグ', 'かばん', '袋', '手提げ']	"[""백"", ""핸드백"", ""파우치"", ""보따리""]"	"[""sacca"", ""sacco"", ""borsetta"", ""valigia""]"
mountain	mountain	montagne	Berg	гора	山	montaña	山	산	montagna	['peak', 'summit', 'hill', 'mount', 'alp']	['mont', 'pic', 'sommet', 'massif']	['Gipfel', 'Erhebung', 'Gebirge', 'Anhöhe', 'Hügel']	['вершина', 'холм', 'возвышенность']	['山峰', '山岳', '高山', '山脉']	['monte', 'cerro', 'colina', 'cordillera', 'pico']	['山岳', '山脈', '丘', '峰', '高山']	"[""봉우리"", ""산맥"", ""고산"", ""산악""]"	"[""monte"", ""picco"", ""vetta"", ""cima""]"
cloth	cloth	tissu	Stoff	ткань	布	tela	布	천	tessuto	['fabric', 'textile', 'material', 'linen']	['étoffe', 'textile', 'toile']	['Gewebe', 'Textilie', 'Tuch', 'Zeug', 'Gewand']	['материал', 'полотно', 'материя', 'текстиль']	['布料', '织物', '布匹', '布帛']	['tejido', 'textil', 'lienzo', 'paño']	['織物', '生地', 'テキスタイル', '反物']	"[""직물"", ""섬유"", ""옷감"", ""헝겊""]"	"[""stoffa"", ""panno"", ""tela""]"
heart	heart	cœur	Herz	сердце	心	corazón	心臓	심장	cuore	['core', 'center', 'essence', 'soul', 'ticker']	['organe', 'centre', 'noyau']	['Gemüt', 'Seele', 'Kern', 'Mitte', 'Zentrum']	['душа', 'центр', 'ядро']	['内心', '心脏', '心灵', '中心']	['alma', 'núcleo', 'centro', 'esencia']	['心', '心情', '胸', '循環器']	"[""가슴"", ""마음"", ""중심"", ""핵심""]"	"[""cuor"", ""animo"", ""centro"", ""essenza""]"
day	day	jour	Tag	день	日	día	日	날	giorno	['daytime', 'daylight', 'sunlight', 'diurnal']	['journée', 'date', 'période']	['Tageszeit', 'Tageslicht', 'Zeitraum', 'Datum']	['сутки', 'световой день', 'дневное время']	['天', '白天', '日子', '昼']	['jornada', 'fecha', 'diurno']	['一日', '昼間', '日中', '日々', '日付']	"[""하루"", ""일"", ""낮"", ""주간""]"	"[""dì"", ""giornata"", ""data""]"
star	star	étoile	Stern	звезда	星	estrella	星	별	stella	['celestial body', 'sun', 'luminary', 'asteroid']	['astre', 'vedette', 'célébrité']	['Gestirn', 'Himmelskörper', 'Berühmtheit', 'Idol']	['светило', 'знаменитость']	['恒星', '明星', '星辰', '星球']	['astro', 'luminaria', 'celebridad']	['恒星', '星座', 'スター', '俳優']	"[""스타"", ""천체"", ""성좌""]"	"[""astro"", ""celebrità"", ""divo""]"
spring	spring	printemps	Frühling	весна	春	primavera	春	봄	primavera	['fountain', 'source', 'wellspring', 'coil']	['source', 'ressort']	['Lenz', 'Frühjahr', 'Frühlingszeit']	['весенний сезон']	['春天', '春季', '暮春', '初春']	['resorte', 'fuente', 'manantial']	['春季', '泉', 'バネ', '春分']	"[""춘계"", ""새봄"", ""만춘""]"	"[""fonte"", ""sorgente"", ""molla""]"
moon	moon	lune	Mond	луна	月	luna	月	달	luna	['lunar', 'satellite', 'crescent', 'luna']	['satellite', 'astre']	['Erdtrabant', 'Luna', 'Himmelskörper']	['месяц', 'спутник']	['月亮', '月球', '月份']	['satélite', 'lunación']	['衛星', '月球', '月面', '満月', '三日月']	"[""월"", ""위성"", ""초승달"", ""보름달""]"	"[""satellite"", ""selene""]"
wood	wood	bois	Holz	дерево	木	madera	木	나무	legno	['timber', 'lumber', 'forest', 'woodland']	['forêt', 'bosquet', 'bûche']	['Wald', 'Gehölz', 'Forst', 'Hain']	['древесина', 'лес', 'роща']	['木头', '木材', '树木']	['leño', 'bosque', 'palo', 'tabla']	['木材', '森', '林', '樹木']	"[""목재"", ""목"", ""숲"", ""삼림""]"	"[""bosco"", ""foresta"", ""legname"", ""boschetto""]"
village	village	village	Dorf	деревня	村	pueblo	村	마을	villaggio	['hamlet', 'settlement', 'community', 'town']	['hameau', 'bourg', 'bourgade']	['Ortschaft', 'Siedlung', 'Weiler', 'Flecken']	['село', 'поселок', 'селение']	['村庄', '村子', '乡村', '农村']	['aldea', 'poblado', 'caserío', 'localidad']	['集落', '町', '里', '農村']	"[""촌"", ""동네"", ""부락"", ""어촌"", ""농촌""]"	"[""borgo"", ""paese"", ""paesino"", ""paesello""]"
forest	forest	forêt	Wald	лес	森林	bosque	森	숲	foresta	['woods', 'woodland', 'grove', 'jungle']	['bois', 'futaie', 'sylve']	['Forst', 'Gehölz', 'Hain', 'Holz', 'Wäldchen']	['бор', 'роща', 'чаща']	['树林', '林地', '密林', '丛林']	['selva', 'arboleda', 'floresta', 'jungla']	['林', '樹海', '森林']	"[""산림"", ""삼림"", ""수풀"", ""밀림""]"	"[""bosco"", ""selva"", ""boscaglia""]"
fruit	fruit	fruit	Obst	фрукт	水果	fruta	果物	과일	frutto	['produce', 'crop', 'harvest', 'yield']	['produit', 'résultat']	['Frucht', 'Früchte', 'Ernte']	['плод', 'фруктовый']	['果实', '果品', '果子']	['fruto', 'producto', 'resultado']	['フルーツ', '実', '成果', '結果']	"[""열매"", ""실과"", ""청과"", ""주스""]"	"[""frutta"", ""prodotto"", ""risultato""]"
song	song	chanson	Lied	песня	歌	canción	歌	노래	canzone	['melody', 'tune', 'hymn', 'ballad', 'anthem']	['mélodie', 'air', 'morceau', 'chant']	['Gesang', 'Weise', 'Melodie', 'Chanson', 'Schlager']	['мелодия', 'композиция', 'музыкальное произведение']	['歌曲', '歌词', '歌谣', '曲子']	['melodía', 'tema', 'tonada', 'canto']	['楽曲', '歌謡', '唄', 'ソング']	"[""가곡"", ""음악"", ""가요"", ""곡""]"	"[""brano"", ""melodia"", ""aria"", ""motivo""]"
water	water	eau	Wasser	вода	水	agua	水	물	acqua	['liquid', 'fluid', 'H2O', 'aqua']	['liquide', 'flotte', 'onde']	['Flüssigkeit', 'Nass', 'Aqua', 'Gewässer']	['жидкость', 'влага']	['液体', '水分', '水源', '水域']	['líquido', 'fluido', 'acuático']	['液体', '湯', '雨', '海']	"[""수"", ""액체"", ""음료수"", ""강물"", ""바닷물""]"	"[""acque"", ""liquido"", ""fluido""]"
river	river	rivière	Fluss	река	河	río	川	강	fiume	['stream', 'creek', 'brook', 'tributary']	['fleuve', 'cours d'eau']	['Strom', 'Wasserlauf', 'Fließgewässer']	['речка', 'поток', 'течение']	['河流', '江', '溪', '川']	['cauce', 'corriente', 'riachuelo', 'arroyo']	['河川', '河', '流れ', '渓流']	"[""하천"", ""개울"", ""시내"", ""강물""]"	"[""corso d'acqua"", ""torrente"", ""affluente""]"
law	law	loi	Gesetz	закон	法律	ley	法律	법률	legge	['rule', 'regulation', 'statute', 'legislation']	['règle', 'législation', 'droit']	['Recht', 'Regel', 'Verordnung', 'Vorschrift', 'Bestimmung']	['право', 'правило', 'норма']	['法规', '法令', '法则', '条例']	['norma', 'regla', 'estatuto', 'decreto', 'legislación']	['法令', '法規', '規則', '条例']	"[""법"", ""법규"", ""규정"", ""조례"", ""법전""]"	"[""norma"", ""regola"", ""statuto"", ""decreto""]"
wave	wave	vague	Welle	волна	波	ola	波	파도	onda	['ripple', 'swell', 'surge', 'breaker']	['onde', 'flot', 'lame']	['Woge', 'Brandung', 'Dünung', 'Schwingung']	['вал', 'зыбь']	['波浪', '波涛', '波动', '浪潮']	['oleaje', 'ondulación', 'marejada']	['波動', '波浪', '波紋', '浪']	"[""물결"", ""파"", ""풍랑"", ""너울""]"	"[""flutto"", ""maroso"", ""ondulazione""]"
ocean	ocean	océan	Ozean	океан	海洋	océano	海洋	대양	oceano	['sea', 'deep', 'brine', 'main']	['mer', 'large']	['Meer', 'Weltmeer', 'See']	['море', 'водное пространство']	['大海', '海', '洋']	['mar', 'piélago']	['大洋', '外洋', '海', '深海']	"[""바다"", ""해양"", ""양"", ""해""]"	"[""mare"", ""pelago""]"
cave	cave	grotte	Höhle	пещера	洞穴	cueva	洞窟	동굴	caverna	['cavern', 'grotto', 'hollow', 'den']	['caverne', 'antre', 'cavité']	['Grotte', 'Kaverne', 'Hohlraum', 'Loch']	['грот', 'подземелье']	['山洞', '岩洞', '地洞', '窟']	['caverna', 'gruta', 'cavidad', 'antro']	['鍾乳洞', '洞穴', '窟', '巣穴']	"[""굴"", ""동"", ""동천"", ""석굴""]"	"[""grotta"", ""antro"", ""spelonca""]"
sea	sea	mer	Meer	море	海	mar	海	바다	mare	['ocean', 'marine', 'maritime', 'aquatic']	['océan', 'large', 'flots']	['Ozean', 'See', 'Gewässer']	['океан', 'водоем']	['海洋', '大海', '海域']	['océano', 'piélago', 'marino']	['海洋', '海面', '大海', '洋']	"[""해"", ""해양"", ""대양"", ""해변""]"	"[""oceano"", ""marina""]"
lake	lake	lac	See	озеро	湖	lago	湖	호수	lago	['pond', 'lagoon', 'reservoir', 'basin']	['étang', 'mare', 'bassin']	['Teich', 'Weiher', 'Gewässer']	['водоем', 'пруд']	['湖泊', '湖水', '池']	['laguna', 'embalse', 'estanque']	['湖沼', '池', '湖水', '湖畔']	"[""못"", ""담수호"", ""내호"", ""저수지""]"	"[""bacino"", ""specchio d'acqua""]"
fire	fire	feu	Feuer	огонь	火	fuego	火	불	fuoco	['flame', 'blaze', 'inferno', 'conflagration']	['flamme', 'incendie', 'brasier']	['Brand', 'Flamme', 'Glut', 'Lohe']	['пламя', 'костер', 'пожар']	['火焰', '火苗', '火光', '火灾']	['llama', 'incendio', 'hoguera', 'fogata']	['炎', '火災', '火事', '燃焼']	"[""화재"", ""화염"", ""불꽃"", ""소방""]"	"[""fiamma"", ""incendio"", ""focolare""]"
point	point	point	Punkt	точка	点	punto	点	점	punto	['tip', 'edge', 'apex', 'vertex']	['pointe', 'endroit', 'lieu']	['Stelle', 'Ort', 'Spitze', 'Punkt']	['пункт', 'момент', 'вопрос']	['点子', '要点', '观点', '地点']	['lugar', 'sitio', 'momento', 'instante', 'grado']	['箇所', '地点', '先端', '得点']	"[""지점"", ""요점"", ""핵심"", ""득점""]"	"[""puntino"", ""posizione"", ""luogo"", ""argomento""]"
version	version	version	Version	версия	版本	versión	版	버전	versione	['edition', 'variant', 'iteration', 'release']	['édition', 'variante', 'interprétation']	['Fassung', 'Ausführung', 'Variante', 'Ausgabe']	['вариант', 'редакция', 'интерпретация']	['版次', '版式', '型号']	['adaptación', 'interpretación', 'variante', 'modelo']	['バージョン', '改訂版', '型', '種類']	"[""판"", ""개정판"", ""판본"", ""판형""]"	"[""edizione"", ""variante"", ""interpretazione""]"
ball	ball	balle	Ball	мяч	球	pelota	球	공	palla	['sphere', 'orb', 'globe', 'round']	['ballon', 'boule', 'sphère']	['Kugel', 'Spielzeug', 'Tanzveranstaltung']	['шар', 'сфера']	['球体', '球类', '圆球']	['balón', 'esfera', 'bola', 'globo']	['ボール', '玉', '球体', '弾']	"[""구"", ""구체"", ""축구공"", ""야구공""]"	"[""sfera"", ""pallone"", ""ballo""]"
painting	painting	peinture	Gemälde	картина	画	pintura	絵画	그림	dipinto	['artwork', 'canvas', 'portrait', 'mural']	['tableau', 'toile', 'œuvre']	['Bild', 'Kunstwerk', 'Leinwand', 'Ölbild']	['полотно', 'холст', 'изображение']	['画作', '绘画', '图画', '油画']	['cuadro', 'lienzo', 'obra', 'retrato']	['画', '絵', '図画', '油絵']	"[""회화"", ""유화"", ""수채화"", ""화폭""]"	"[""quadro"", ""tela"", ""opera""]"
rice	rice	riz	Reis	рис	米	arroz	米	쌀	riso	['grain', 'cereal', 'paddy']	[]	['Getreide', 'Korn']	[]	['稻米', '大米', '稻']	[]	['稲', '御飯', 'ライス', '穀物']	"[""밥"", ""벼"", ""곡식"", ""미곡""]"	"[""risotto"", ""risaia""]"
red	red	rouge	rot	красный	红	rojo	赤	빨간색	rosso	['crimson', 'scarlet', 'ruby', 'cardinal']	['vermeil', 'écarlate', 'pourpre']	['scharlachrot', 'purpurrot', 'karminrot', 'feuerrot']	['алый', 'багровый', 'румяный']	['红色', '赤', '朱红', '猩红']	['colorado', 'bermejo', 'escarlata', 'carmesí']	['赤色', '朱色', '紅', '赤い']	"[""적색"", ""붉은색"", ""주홍색"", ""진홍색""]"	"[""vermiglio"", ""scarlatto"", ""cremisi"", ""porpora""]"
line	line	ligne	Linie	линия	线	línea	線	선	linea	['row', 'queue', 'stripe', 'streak']	['trait', 'rangée', 'file']	['Strich', 'Reihe', 'Zeile', 'Kante', 'Gerade']	['черта', 'полоса', 'ряд']	['线条', '直线', '线路', '线段']	['raya', 'trazo', 'renglón', 'fila', 'cola']	['直線', '筋', '境界線', 'ライン']	"[""줄"", ""직선"", ""곡선"", ""경계선""]"	"[""riga"", ""retta"", ""fila"", ""coda""]"
net	net	filet	Netz	сеть	网	red	網	망	rete	['web', 'mesh', 'network', 'snare']	['réseau', 'maille']	['Gewebe', 'Geflecht', 'Fangnetz', 'Netzwerk']	['сетка', 'паутина', 'система']	['网络', '网罗', '网状物']	['malla', 'tejido', 'telaraña']	['ネット', '漁網', '巣', 'ウェブ']	"[""그물"", ""네트워크"", ""인터넷"", ""어망""]"	"[""reticolo"", ""ragnatela"", ""network""]"
tea	tea	thé	Tee	чай	茶	té	茶	차	tè	['brew', 'infusion', 'beverage', 'leaves']	['infusion', 'tisane']	['Aufguss', 'Getränk', 'Kräutertee']	['заварка', 'напиток']	['茶叶', '茶水', '茶饮']	['infusión', 'tisana']	['お茶', '紅茶', '緑茶', '茶葉']	"[""녹차"", ""홍차"", ""마시는 차"", ""티백""]"	"[""infuso"", ""tisana""]"
foot	foot	pied	Fuß	нога	脚	pie	足	발	piede	['paw', 'hoof', 'base', 'foundation']	['patte', 'base', 'socle']	['Pfote', 'Tatze', 'Sohle', 'Basis']	['ступня', 'стопа']	['足', '脚丫', '脚掌']	['pata', 'base', 'pedestal']	['脚', '足元', '歩', 'フィート']	"[""발바닥"", ""발목"", ""족"", ""보행""]"	"[""zampa"", ""base"", ""fondo""]"
gold	gold	or	Gold	золото	金	oro	金	금	oro	['bullion', 'treasure', 'wealth', 'riches']	['métal précieux', 'trésor']	['Edelmetall', 'Reichtum', 'Schatz']	['золотой', 'драгоценный металл']	['黄金', '金子', '金币']	['dorado', 'áureo', 'metal precioso']	['黄金', '金塊', '金色', '金メダル']	"[""황금"", ""금메달"", ""금화"", ""금괴""]"	"[""aureo"", ""dorato"", ""prezioso""]"
door	door	porte	Tür	дверь	门	puerta	扉	문	porta	['entrance', 'portal', 'gateway', 'entry']	['portail', 'entrée', 'accès']	['Pforte', 'Eingang', 'Tor', 'Zugang']	['вход', 'портал']	['大门', '门户', '门口']	['portal', 'entrada', 'acceso', 'portón']	['ドア', '戸', '出入り口', '門']	"[""출입구"", ""현관"", ""대문"", ""문짝""]"	"[""portone"", ""uscio"", ""ingresso""]"
snow	snow	neige	Schnee	снег	雪	nieve	雪	눈	neve	['flurry', 'blizzard', 'powder', 'sleet']	['poudreuse', 'blanche']	['Flocken', 'Weiß', 'Pulverschnee']	['снежок', 'метель', 'вьюга']	['雪花', '积雪', '雪地']	['nevada', 'nevisca', 'blancura']	['積雪', '雪景色', '降雪', '粉雪']	"[""강설"", ""백설"", ""설경"", ""눈보라""]"	"[""nevicata"", ""bianco""]"
horse	horse	cheval	Pferd	лошадь	马	caballo	馬	말	cavallo	['steed', 'stallion', 'mare', 'pony']	['destrier', 'monture', 'canasson']	['Ross', 'Gaul', 'Hengst', 'Stute']	['конь', 'скакун', 'жеребец']	['马匹', '骏马', '坐骑']	['corcel', 'equino', 'potro', 'yegua']	['競走馬', '馬匹', '駿馬', '子馬']	"[""마"", ""백마"", ""경주마"", ""조랑말""]"	"[""destriero"", ""puledro"", ""stallone""]"
one	one	un	eins	один	一	uno	一	하나	uno	['single', 'sole', 'individual', 'unit']	['unique', 'seul']	['einzig', 'einzeln', 'erste']	['единица', 'единственный']	['壹', '单一', '唯一']	['único', 'primero', 'singular']	['一つ', '単一', '唯一']	"[""일"", ""단일"", ""첫째"", ""유일""]"	"[""unico"", ""singolo"", ""primo""]"
two	two	deux	zwei	два	二	dos	二	둘	due	['pair', 'couple', 'duo', 'twin']	['paire', 'couple']	['Paar', 'Duo', 'doppelt']	['пара', 'двойка']	['贰', '双', '俩']	['par', 'dúo', 'pareja']	['二つ', '双', 'ペア']	"[""이"", ""쌍"", ""한 쌍"", ""두 개""]"	"[""paio"", ""coppia"", ""secondo""]"
five	five	cinq	fünf	пять	五	cinco	五	다섯	cinque	['quintet', 'pentad', 'quinary']	['quintuple', 'quinte']	['Quintett', 'Fünfer']	['пятерка', 'пятёрка']	['伍', '五个', '五份']	['quintal', 'quíntuple']	['五つ', '五本', '五人']	"[""오"", ""오인"", ""오개"", ""다섯째""]"	"[""quinto"", ""cinquina""]"
six	six	six	sechs	шесть	六	seis	六	여섯	sei	['half-dozen', 'sextet', 'hexad']	['demi-douzaine']	['Sechser', 'halbes Dutzend']	['шестерка', 'шестёрка']	['陆', '六个', '六份']	['media docena', 'séxtuple']	['六つ', '六人', '六日']	"[""육"", ""육개"", ""여섯째""]"	"[""sesto"", ""sestina""]"
eight	eight	huit	acht	восемь	八	ocho	八	여덟	otto	['octet', 'octad']	['octuple']	['Oktett', 'Achter']	['восьмерка', 'восьмёрка']	['捌', '八个', '八份']	['octavo', 'óctuple']	['八つ', '八人', '八日']	"[""팔"", ""여덟째"", ""팔인""]"	"[""ottavo"", ""ottetto""]"
ten	ten	dix	zehn	десять	十	diez	十	열	dieci	['decade', 'decad']	['dizaine', 'décade']	['Dekade', 'Zehner']	['десятка']	['拾', '十个', '十份']	['decena', 'década']	['十個', '拾', 'テン']	"[""십"", ""열째"", ""십개""]"	"[""decimo"", ""decina""]"
head	head	tête	Kopf	голова	头	cabeza	頭	머리	testa	['skull', 'cranium', 'crown', 'noggin']	['crâne', 'chef', 'sommet']	['Haupt', 'Schädel', 'Oberhaupt', 'Anführer']	['череп', 'умственные способности']	['头部', '脑袋', '首领']	['testa', 'cráneo', 'cerebro', 'mente', 'líder']	['頭部', '首', '脳', '頂点']	"[""두부"", ""두통"", ""두뇌"", ""정상""]"	"[""capo"", ""cranio"", ""mente""]"
shop	shop	magasin	Geschäft	магазин	商店	tienda	店	가게	negozio	['store', 'boutique', 'market', 'outlet']	['boutique', 'commerce', 'échoppe']	['Laden', 'Boutique', 'Kaufhaus', 'Store']	['лавка', 'торговая точка', 'бутик']	['店铺', '商铺', '店面', '零售店']	['almacén', 'comercio', 'negocio', 'local']	['商店', '店舗', '売店', 'ショップ']	"[""상점"", ""점포"", ""매장"", ""소매점""]"	"[""bottega"", ""emporio"", ""magazzino""]"
eye	eye	œil	Auge	глаз	眼睛	ojo	目	눈	occhio	['optic', 'peeper', 'oculus', 'orb']	['globe oculaire', 'vue']	['Sehorgan', 'Sehvermögen', 'Blick']	['око', 'взгляд', 'зрение']	['眼', '眼珠', '目']	['vista', 'mirada', 'visión']	['眼', '視力', '目つき', '眼球']	"[""안구"", ""시력"", ""시선"", ""눈동자""]"	"[""vista"", ""sguardo"", ""visione""]"
field	field	champ	Feld	поле	田	campo	畑	들판	campo	['meadow', 'pasture', 'grassland', 'plain']	['terrain', 'domaine', 'pré']	['Acker', 'Wiese', 'Bereich', 'Gebiet']	['луг', 'нива', 'область']	['田地', '田野', '农田', '稻田']	['terreno', 'prado', 'área', 'ámbito']	['田んぼ', '圃場', '農場', '野原']	"[""밭"", ""평야"", ""농장"", ""초원""]"	"[""terreno"", ""prato"", ""area"", ""settore""]"
site	site	site	Standort	сайт	网站	sitio	現場	현장	sito	['location', 'place', 'spot', 'position']	['lieu', 'endroit', 'emplacement']	['Ort', 'Stelle', 'Platz', 'Lage']	['веб-сайт', 'веб-страница', 'ресурс']	['站点', '网页', '主页']	['lugar', 'ubicación', 'emplazamiento', 'página web']	['サイト', '場所', '位置', '工事現場']	"[""장소"", ""부지"", ""위치"", ""공사장""]"	"[""luogo"", ""posto"", ""ubicazione""]"
dance	dance	danse	Tanz	танец	舞蹈	baile	踊り	춤	danza	['waltz', 'jig', 'boogie', 'ballet']	['ballet', 'chorégraphie']	['Reigen', 'Tanzveranstaltung', 'Choreografie']	['пляска', 'хореография']	['舞', '跳舞', '舞蹈表演']	['danza', 'coreografía', 'movimiento']	['ダンス', '舞踊', '舞', 'バレエ']	"[""무용"", ""댄스"", ""발레"", ""춤사위""]"	"[""ballo"", ""balletto"", ""coreografia""]"
word	word	mot	Wort	слово	词	palabra	言葉	단어	parola	['term', 'expression', 'vocable', 'phrase']	['terme', 'vocable', 'parole']	['Ausdruck', 'Begriff', 'Vokabel', 'Terminus']	['речь', 'выражение', 'термин']	['单词', '词语', '词汇']	['término', 'vocablo', 'expresión', 'voz']	['単語', '語句', '言語', '辞']	"[""낱말"", ""용어"", ""어휘"", ""언어""]"	"[""termine"", ""vocabolo"", ""espressione""]"
pair	pair	paire	Paar	пара	对	par	対	쌍	paio	['couple', 'duo', 'twosome', 'dyad']	['couple', 'duo']	['Duo', 'Zweiergruppe', 'Zweiheit']	['двойка', 'чета', 'дуэт']	['双', '一对', '配对']	['pareja', 'dúo', 'dupla']	['ペア', '組', '双子', 'カップル']	"[""두 개"", ""커플"", ""짝"", ""한 쌍""]"	"[""coppia"", ""duo"", ""accoppiata""]"
seat	seat	siège	Sitz	сиденье	座位	asiento	座席	좌석	sedile	['chair', 'bench', 'stool', 'perch']	['chaise', 'banc', 'fauteuil']	['Stuhl', 'Platz', 'Sitzgelegenheit', 'Sessel']	['место', 'кресло', 'стул']	['位置', '席位', '坐席']	['silla', 'banco', 'butaca', 'puesto']	['席', 'シート', '腰掛け', '椅子']	"[""의자"", ""자리"", ""석"", ""착석""]"	"[""sedia"", ""posto"", ""seggio""]"
light	light	lumière	Licht	свет	光	luz	光	빛	luce	['illumination', 'glow', 'beam', 'ray']	['clarté', 'éclairage', 'lueur']	['Beleuchtung', 'Helligkeit', 'Schein', 'Leuchte']	['освещение', 'сияние', 'лампа']	['光线', '光芒', '亮光', '光照']	['iluminación', 'claridad', 'luminosidad', 'faro']	['明かり', '照明', '光線', 'ライト']	"[""광"", ""조명"", ""햇빛"", ""불빛""]"	"[""illuminazione"", ""chiarore"", ""luminosità""]"
thousand	thousand	mille	tausend	тысяча	千	mil	千	천	mille	['grand', 'millennium']	['millier']	['Jahrtausend', 'Großzahl']	['тысячка']	['仟', '千个', '千份']	['millar', 'millares']	['千個', '幾千', 'サウザンド']	"[""일천"", ""천개"", ""천 명""]"	"[""migliaio"", ""millesimo""]"
north	north	nord	Norden	север	北	norte	北	북	nord	['boreal', 'arctic', 'septentrional']	['septentrion']	['Nord', 'Nordrichtung', 'Mitternacht']	['северный', 'норд']	['北方', '北边', '北部']	['septentrión', 'boreal', 'septentrional']	['北部', '北側', '北方', '北極']	"[""북쪽"", ""북부"", ""북방"", ""북극""]"	"[""settentrione"", ""tramontana"", ""borea""]"
machine	machine	machine	Maschine	машина	机器	máquina	機械	기계	macchina	['apparatus', 'device', 'mechanism', 'contraption']	['appareil', 'engin', 'mécanisme']	['Gerät', 'Apparat', 'Vorrichtung', 'Automat']	['механизм', 'аппарат', 'устройство']	['设备', '仪器', '装置']	['aparato', 'dispositivo', 'mecanismo', 'artefacto']	['装置', '器械', 'マシン', '機器']	"[""장치"", ""기구"", ""설비"", ""자동차""]"	"[""apparecchio"", ""congegno"", ""dispositivo""]"
time	time	temps	Zeit	время	时间	tiempo	時間	시간	tempo	['period', 'era', 'age', 'epoch']	['durée', 'période', 'époque']	['Uhrzeit', 'Zeitpunkt', 'Epoche', 'Ära']	['пора', 'период', 'эпоха']	['时候', '时刻', '时光']	['hora', 'momento', 'época', 'era', 'duración']	['時刻', '期間', '時代', '暇']	"[""때"", ""시각"", ""시기"", ""기간""]"	"[""ora"", ""periodo"", ""epoca"", ""stagione""]"
friend	friend	ami	Freund	друг	朋友	amigo	友達	친구	amico	['companion', 'ally', 'comrade', 'buddy']	['copain', 'camarade', 'pote']	['Kumpel', 'Kamerad', 'Gefährte', 'Vertrauter']	['приятель', 'товарищ', 'знакомый']	['伙伴', '好友', '挚友', '友人']	['compañero', 'camarada', 'aliado', 'confidente']	['友人', '仲間', '親友', '知人']	"[""벗"", ""동무"", ""우정"", ""동료""]"	"[""compagno"", ""alleato"", ""confidente""]"
color	color	couleur	Farbe	цвет	颜色	color	色	색깔	colore	['hue', 'shade', 'tint', 'pigment']	['teinte', 'nuance', 'ton']	['Farbton', 'Kolorit', 'Tönung', 'Pigment']	['окраска', 'тон', 'оттенок']	['色彩', '色调', '色泽']	['tono', 'matiz', 'tinte', 'pigmento']	['色彩', '色調', '色合い', 'カラー']	"[""색상"", ""빛깔"", ""색조"", ""채색""]"	"[""tinta"", ""tonalità"", ""colorazione"", ""nuance""]"
kind	kind	gentil	Art	вид	种类	tipo	種類	종류	tipo	['type', 'sort', 'variety', 'class']	['aimable', 'doux', 'bienveillant']	['Sorte', 'Gattung', 'Typ', 'Spezies']	['тип', 'разновидность', 'сорт']	['类型', '类别', '品种']	['clase', 'especie', 'categoría', 'variedad']	['類', '型', '様式', '品種']	"[""유형"", ""부류"", ""품종"", ""유""]"	"[""genere"", ""specie"", ""sorta"", ""varietà""]"
judge	judge	juge	Richter	судья	法官	juez	裁判官	판사	giudice	['magistrate', 'justice', 'adjudicator', 'arbitrator']	['magistrat', 'arbitre']	['Urteilender', 'Schiedsrichter', 'Jurist']	['арбитр', 'рефери', 'эксперт']	['法庭', '审判官', '裁判']	['magistrado', 'árbitro', 'juzgador']	['判事', '審判', '判断者', '鑑定者']	"[""심판"", ""재판관"", ""법관"", ""판결""]"	"[""magistrato"", ""arbitro"", ""esperto""]"
school	school	école	Schule	школа	学校	escuela	学校	학교	scuola	['academy', 'institution', 'college', 'university']	['établissement', 'institution', 'académie']	['Lehranstalt', 'Bildungseinrichtung', 'Gymnasium']	['училище', 'гимназия', 'лицей']	['学院', '校园', '学堂']	['colegio', 'instituto', 'academia', 'centro educativo']	['校舎', '学院', '学園', '教育機関']	"[""교육"", ""학원"", ""학당"", ""교실""]"	"[""istituto"", ""accademia"", ""collegio""]"
structure	structure	structure	Struktur	структура	结构	estructura	構造	구조	struttura	['building', 'edifice', 'construction', 'framework']	['charpente', 'ossature', 'composition']	['Aufbau', 'Gefüge', 'Gliederung', 'Konstruktion']	['строение', 'конструкция', 'устройство']	['构造', '架构', '框架']	['construcción', 'edificación', 'organización', 'sistema']	['建造物', '組織', '体制', '骨組み']	"[""체계"", ""조직"", ""건물"", ""건축물""]"	"[""costruzione"", ""edificio"", ""impalcatura""]"
tie	tie	cravate	Krawatte	галстук	领带	corbata	ネクタイ	넥타이	cravatta	['knot', 'bond', 'link', 'connection']	['nœud']	['Schlips', 'Binder', 'Halsbinde']	['бабочка', 'шейный платок']	['领结', '领巾']	['lazo', 'nudo', 'empate']	['タイ', '縛り', '結び', '引き分け']	"[""타이"", ""매듭"", ""결속"", ""연결""]"	"[""nodo"", ""legame"", ""vincolo""]"
face	face	visage	Gesicht	лицо	脸	cara	顔	얼굴	faccia	['visage', 'countenance', 'mug', 'facade']	['figure', 'mine', 'physionomie']	['Antlitz', 'Miene', 'Visage', 'Fratze']	['физиономия', 'мордашка', 'облик']	['面孔', '脸蛋', '面容']	['rostro', 'semblante', 'faz', 'expresión']	['面', '表情', '面目', '顔面']	"[""안면"", ""용모"", ""표정"", ""외모""]"	"[""viso"", ""volto"", ""espressione""]"
bridge	bridge	pont	Brücke	мост	桥	puente	橋	다리	ponte	['span', 'crossing', 'viaduct', 'overpass']	['viaduc', 'passerelle']	['Übergang', 'Steg', 'Verbindung']	['мостик', 'переправа']	['桥梁', '桥墩', '桥面']	['viaducto', 'pasarela', 'conexión']	['橋梁', '架け橋', '橋渡し', 'ブリッジ']	"[""교량"", ""교각"", ""연결"", ""가교""]"	"[""viadotto"", ""passerella"", ""collegamento""]"
group	group	groupe	Gruppe	группа	群	grupo	集団	그룹	gruppo	['cluster', 'bunch', 'collection', 'assembly']	['ensemble', 'troupe', 'bande']	['Truppe', 'Bande', 'Verband', 'Ansammlung']	['коллектив', 'команда', 'объединение']	['团体', '组织', '集团']	['conjunto', 'equipo', 'colectivo', 'agrupación']	['グループ', '団体', '一団', '群れ']	"[""집단"", ""무리"", ""단체"", ""조직""]"	"[""insieme"", ""squadra"", ""compagnia""]"
platform	platform	plateforme	Plattform	платформа	平台	plataforma	台	플랫폼	piattaforma	['stage', 'podium', 'dais', 'rostrum']	['estrade', 'quai']	['Podium', 'Bühne', 'Tribüne', 'Standfläche']	['помост', 'перрон', 'площадка']	['月台', '讲台', '舞台']	['tarima', 'escenario', 'andén', 'base']	['プラットフォーム', '舞台', '基盤', '演壇']	"[""대"", ""무대"", ""기반"", ""연단""]"	"[""pedana"", ""palco"", ""banchina""]"
house	house	maison	Haus	дом	房子	casa	家	집	casa	['home', 'residence', 'dwelling', 'abode']	['demeure', 'logement', 'foyer']	['Gebäude', 'Wohnhaus', 'Bau', 'Anwesen']	['здание', 'жилище', 'строение']	['住宅', '宅子', '屋子']	['hogar', 'vivienda', 'domicilio', 'residencia']	['住宅', '邸宅', '屋敷', '建物']	"[""가옥"", ""주택"", ""가정"", ""가구""]"	"[""abitazione"", ""dimora"", ""residenza""]"
sun	sun	soleil	Sonne	солнце	太阳	sol	太陽	태양	sole	['star', 'sol', 'helios', 'daystar']	['astre', 'étoile']	['Stern', 'Himmelskörper', 'Gestirn']	['светило', 'звезда']	['日', '阳光', '太阳星']	['astro rey', 'estrella', 'luz solar']	['日', '陽', '日輪']	"[""해"", ""일"", ""햇빛"", ""태양열""]"	"[""astro"", ""stella"", ""luce""]"
meeting	meeting	réunion	Treffen	встреча	会议	reunión	会議	회의	riunione	['gathering', 'assembly', 'conference', 'congregation']	['assemblée', 'conférence', 'rencontre']	['Versammlung', 'Zusammenkunft', 'Sitzung', 'Besprechung']	['собрание', 'заседание', 'свидание']	['集会', '聚会', '会面']	['encuentro', 'asamblea', 'junta', 'cita']	['ミーティング', '集会', '会合', '懇談']	"[""모임"", ""집회"", ""회합"", ""미팅""]"	"[""incontro"", ""assemblea"", ""convegno""]"
history	history	histoire	Geschichte	история	历史	historia	歴史	역사	storia	['past', 'annals', 'chronicle', 'record']	['récit', 'chronique', 'annales']	['Vergangenheit', 'Historie', 'Chronik', 'Entwicklung']	['прошлое', 'летопись', 'хроника']	['史', '往事', '过去']	['crónica', 'relato', 'narración', 'pasado']	['史', '沿革', '履歴', '年代記']	"[""과거"", ""연혁"", ""사적"", ""사료""]"	"[""cronaca"", ""vicenda"", ""passato""]"
valley	valley	vallée	Tal	долина	山谷	valle	谷	계곡	valle	['dale', 'glen', 'dell', 'vale']	['val', 'vallon', 'dépression']	['Senke', 'Mulde', 'Niederung', 'Schlucht']	['низина', 'лощина', 'ложбина']	['峡谷', '谷地', '溪谷']	['cañada', 'vega', 'hondonada']	['渓谷', '峡谷', '渓間', '谷間']	"[""골짜기"", ""협곡"", ""분지"", ""산골""]"	"[""vallata"", ""conca"", ""avvallamento""]"
square	square	carré	Platz	площадь	广场	cuadrado	広場	광장	piazza	['plaza', 'quad', 'block', 'court']	['quadrilatère', 'place']	['Quadrat', 'Viereck', 'Marktplatz']	['квадрат', 'сквер']	['街区', '方形', '四方形']	['plaza', 'cuadro', 'rectángulo']	['四角', '正方形', '平方', '四角形']	"[""정사각형"", ""네모"", ""사각"", ""장소""]"	"[""quadrato"", ""largo"", ""spiazzo""]"
generation	generation	génération	Generation	поколение	世代	generación	世代	세대	generazione	['era', 'age', 'cohort', 'progeny']	['âge', 'époque']	['Altersgruppe', 'Geschlecht', 'Nachkommenschaft']	['род', 'генерация']	['一代', '年代', '时代']	['época', 'era', 'promoción', 'descendencia']	['時代', '年代', '世', '一族']	"[""시대"", ""연령층"", ""년대"", ""대""]"	"[""epoca"", ""era"", ""stirpe""]"
south	south	sud	Süden	юг	南	sur	南	남	sud	['austral', 'meridional']	['midi']	['Süd', 'Südrichtung', 'Mittag']	['южный', 'зюйд']	['南方', '南边', '南部']	['mediodía', 'austral', 'meridional']	['南部', '南側', '南方', '南極']	"[""남쪽"", ""남부"", ""남방"", ""남극""]"	"[""meridione"", ""mezzogiorno"", ""austro""]"
city	city	ville	Stadt	город	城市	ciudad	都市	도시	città	['metropolis', 'urban', 'municipality', 'town']	['cité', 'agglomération', 'métropole']	['Großstadt', 'Metropole', 'Ort', 'Gemeinde']	['мегаполис', 'урбанистический центр']	['都市', '市区', '城镇']	['urbe', 'metrópoli', 'municipio', 'localidad']	['市', '都会', '街', 'シティ']	"[""시"", ""도회지"", ""도심"", ""시내""]"	"[""metropoli"", ""centro urbano"", ""comune""]"
language	language	langue	Sprache	язык	语言	idioma	言語	언어	lingua	['tongue', 'speech', 'dialect', 'lingo']	['idiome', 'langage', 'parler']	['Idiom', 'Muttersprache', 'Fremdsprache', 'Zunge']	['речь', 'наречие', 'диалект']	['语种', '口语', '方言']	['lengua', 'habla', 'dialecto', 'jerga']	['言葉', '国語', '舌', 'ランゲージ']	"[""말"", ""방언"", ""모국어"", ""외국어""]"	"[""idioma"", ""linguaggio"", ""favella""]"
speed	speed	vitesse	Geschwindigkeit	скорость	速度	velocidad	速度	속도	velocità	['velocity', 'pace', 'rate', 'momentum']	['rapidité', 'célérité', 'allure']	['Tempo', 'Schnelligkeit', 'Eile', 'Rasanz']	['быстрота', 'темп', 'стремительность']	['速率', '快慢', '迅速']	['rapidez', 'celeridad', 'prisa', 'ritmo']	['スピード', '速さ', '速力', '迅速']	"[""속력"", ""빠르기"", ""급속"", ""신속""]"	"[""rapidità"", ""celerità"", ""prestezza""]"
ground	ground	sol	Boden	земля	地面	suelo	地面	땅	terra	['earth', 'soil', 'land', 'terrain']	['terre', 'terrain', 'plancher']	['Erde', 'Grund', 'Erdboden', 'Untergrund']	['почва', 'грунт', 'поверхность']	['地板', '土地', '场地']	['tierra', 'piso', 'terreno', 'superficie']	['大地', '土地', '地表', '土']	"[""지면"", ""토지"", ""대지"", ""지반""]"	"[""suolo"", ""terreno"", ""pavimento""]"
tail	tail	queue	Schwanz	хвост	尾巴	cola	尻尾	꼬리	coda	['rear', 'stub', 'appendage', 'rudder']	['appendice', 'bout']	['Schweif', 'Rute', 'Ende']	['шлейф', 'конец']	['尾', '尾部', '尾端']	['rabo', 'apéndice', 'final', 'extremo']	['尾', '後部', '末尾', '後方']	"[""미"", ""꽁지"", ""뒤"", ""후미""]"	"[""appendice"", ""strascico"", ""fila""]"
mother	mother	mère	Mutter	мать	母亲	madre	母	어머니	madre	['mom', 'mama', 'parent', 'matriarch']	['maman', 'génitrice']	['Mama', 'Mutti', 'Mami', 'Gebärerin']	['мама', 'родительница', 'матушка']	['妈妈', '妈', '娘']	['mamá', 'progenitora', 'matriarca']	['母親', 'お母さん', 'ママ', '母性']	"[""엄마"", ""모친"", ""엄마"", ""산모""]"	"[""mamma"", ""genitrice"", ""matrice""]"
east	east	est	Osten	восток	东	este	東	동	est	['orient', 'levant']	['orient']	['Ost', 'Ostrichtung', 'Morgen']	['восточный', 'ост']	['东方', '东边', '东部']	['oriente', 'levante', 'oriental']	['東部', '東側', '東方', '東洋']	"[""동쪽"", ""동부"", ""동방"", ""동양""]"	"[""oriente"", ""levante""]"
speech	speech	discours	Rede	речь	演讲	discurso	演説	연설	discorso	['talk', 'address', 'oration', 'discourse']	['allocution', 'exposé', 'harangue']	['Ansprache', 'Vortrag', 'Wortmeldung', 'Referat']	['выступление', 'обращение', 'высказывание']	['讲话', '发言', '致辞']	['oratoria', 'alocución', 'charla', 'conferencia']	['スピーチ', '講演', '弁論', '話']	"[""담화"", ""강연"", ""발언"", ""연설문""]"	"[""orazione"", ""allocuzione"", ""conferenza""]"
child	child	enfant	Kind	ребенок	孩子	niño	子供	아이	bambino	['kid', 'youngster', 'youth', 'offspring']	['gamin', 'gosse', 'môme']	['Kleinkind', 'Sprössling', 'Nachwuchs', 'Nachkomme']	['дитя', 'малыш', 'чадо']	['儿童', '小孩', '子女']	['infante', 'pequeño', 'menor', 'hijo']	['子ども', '児童', '子', '幼児']	"[""어린이"", ""아동"", ""자녀"", ""미성년자""]"	"[""fanciullo"", ""bimbo"", ""piccolo""]"
tower	tower	tour	Turm	башня	塔	torre	塔	탑	torre	['spire', 'turret', 'steeple', 'belfry']	['donjon', 'beffroi']	['Hochhaus', 'Wolkenkratzer', 'Wachturm']	['вышка', 'небоскреб']	['塔楼', '高塔', '宝塔']	['campanario', 'rascacielos', 'torreón']	['タワー', '高層', '尖塔', '櫓']	"[""타워"", ""첨탑"", ""고층"", ""망루""]"	"[""campanile"", ""torretta"", ""grattacielo""]"
hair	hair	cheveux	Haar	волосы	头发	pelo	髪	머리카락	capelli	['locks', 'mane', 'tresses', 'strands']	['chevelure', 'tignasse', 'crinière']	['Frisur', 'Locken', 'Mähne', 'Kopfhaar']	['прическа', 'шевелюра', 'локоны']	['发', '毛发', '发丝']	['cabello', 'melena', 'cabellera', 'vello']	['毛', '頭髪', 'へア', '毛髪']	"[""두발"", ""모발"", ""머리털"", ""헤어""]"	"[""chioma"", ""capigliatura"", ""acconciatura""]"
person	person	personne	Person	человек	人	persona	人	사람	persona	['individual', 'human', 'being', 'soul']	['individu', 'être humain']	['Mensch', 'Individuum', 'Persönlichkeit', 'Wesen']	['личность', 'персона', 'индивид']	['个人', '人类', '人员']	['individuo', 'sujeto', 'ser humano']	['人間', '個人', '人物', '者']	"[""인간"", ""인물"", ""개인"", ""남자""]"	"[""individuo"", ""soggetto"", ""essere umano""]"
official	official	officiel	Beamter	чиновник	官员	funcionario	役人	공무원	funzionario	['representative', 'administrator', 'functionary', 'bureaucrat']	['formel', 'administratif']	['Angestellter', 'Funktionär', 'Staatsdiener']	['служащий', 'должностное лицо', 'госслужащий']	['公务员', '官', '政府职员']	['empleado público', 'burócrata', 'autoridad']	['公務員', '職員', '担当者', '公職者']	"[""관리"", ""관료"", ""직원"", ""공직자""]"	"[""impiegato"", ""burocrate"", ""addetto""]"
office	office	bureau	Büro	офис	办公室	oficina	事務所	사무실	ufficio	['bureau', 'department', 'agency', 'workplace']	['cabinet', 'local', 'étude']	['Arbeitszimmer', 'Geschäftsstelle', 'Amt', 'Dienststelle']	['контора', 'бюро', 'кабинет']	['办公处', '事务所', '办事处']	['despacho', 'bufete', 'escritorio', 'dependencia']	['オフィス', '役所', '局', '部署']	"[""부서"", ""관청"", ""직장"", ""사무소""]"	"[""studio"", ""sede"", ""dipartimento""]"
rock	rock	roche	Fels	скала	岩石	roca	岩	바위	roccia	['stone', 'boulder', 'pebble', 'mineral']	['pierre', 'caillou', 'rocher']	['Stein', 'Gestein', 'Klippe', 'Felsbrocken']	['камень', 'утес', 'валун']	['石头', '岩', '岩块']	['piedra', 'peñasco', 'peña', 'canto']	['石', '岩石', '岩盤', 'ロック']	"[""돌"", ""암석"", ""바위산"", ""절벽""]"	"[""pietra"", ""sasso"", ""masso""]"
power	power	pouvoir	Macht	власть	力量	poder	力	힘	potere	['strength', 'force', 'energy', 'might']	['puissance', 'autorité', 'force']	['Kraft', 'Stärke', 'Energie', 'Gewalt']	['сила', 'мощь', 'энергия']	['能力', '力气', '权力']	['fuerza', 'potencia', 'energía', 'autoridad']	['能力', '勢力', '権力', 'パワー']	"[""능력"", ""권력"", ""전력"", ""세력""]"	"[""forza"", ""energia"", ""autorità"", ""dominio""]"
summer	summer	été	Sommer	лето	夏天	verano	夏	여름	estate	['estival', 'summery', 'midsummer']	['canicule', 'belle saison']	['Sommerzeit', 'Sommersaison']	['летний сезон']	['夏季', '盛夏', '暑期']	['estío', 'estival']	['夏季', '夏場', '盛夏', '夏期']	"[""하계"", ""무더위"", ""성하"", ""한여름""]"	"[""estivo"", ""stagione calda""]"
table	table	table	Tisch	стол	桌子	mesa	テーブル	탁자	tavolo	['desk', 'counter', 'board', 'surface']	['bureau', 'comptoir', 'plateau']	['Schreibtisch', 'Pult', 'Platte']	['письменный стол', 'парта', 'доска']	['桌', '台', '案']	['escritorio', 'tablero', 'mostrador']	['机', '卓', '台']	['책상', '테이블', '상']	['scrivania', 'banco', 'superficie']
car	car	voiture	Auto	машина	车	coche	車	차	auto	['vehicle', 'automobile', 'motorcar']	['automobile', 'véhicule', 'bagnole']	['Wagen', 'Fahrzeug', 'Automobil']	['автомобиль', 'автомашина', 'тачка']	['汽车', '轿车', '小汽车']	['automóvil', 'vehículo', 'carro']	['自動車', '乗用車', 'カー']	['자동차', '승용차', '차량']	['automobile', 'macchina', 'vettura']
dog	dog	chien	Hund	собака	狗	perro	犬	개	cane	['canine', 'hound', 'pooch', 'pup']	['toutou', 'cabot', 'clebs']	['Köter', 'Wauwau', 'Kläffer']	['пёс', 'шавка', 'барбос']	['犬', '狗狗', '犬只']	['can', 'chucho', 'perrito']	['ワンちゃん', '犬っころ', 'イヌ']	['강아지', '멍멍이', '개']	['cagnolino', 'fido', 'cucciolo']
cat	cat	chat	Katze	кошка	猫	gato	猫	고양이	gatto	['feline', 'kitten', 'kitty', 'tomcat']	['minet', 'matou', 'minou']	['Mieze', 'Kater', 'Kätzchen']	['кот', 'киска', 'котёнок']	['猫咪', '喵', '猫儿']	['minino', 'felino', 'gatito']	['ネコ', 'ニャンコ', '猫ちゃん']	['냥이', '야옹이', '묘']	['micio', 'felino', 'gattino']
bird	bird	oiseau	Vogel	птица	鸟	pájaro	鳥	새	uccello	['fowl', 'feathered friend', 'avian']	['volatile', 'emplumé', 'piaf']	['Federvieh', 'Piepmatz', 'Geflügel']	['пернатое', 'пташка', 'пичуга']	['禽', '飞禽', '鸟儿']	['ave', 'volátil', 'pajarito']	['小鳥', '鳥類', 'バード']	['조류', '날짐승', '새']	['volatile', 'pennuto', 'aviario']
fish	fish	poisson	Fisch	рыба	鱼	pez	魚	물고기	pesce	['seafood', 'marine life', 'swimmer']	['poiscaille', 'fruits de mer', 'produit de la pêche']	['Fische', 'Meeresfrüchte', 'Schwimmer']	['рыбка', 'рыбёшка', 'морепродукт']	['鱼类', '水产', '游鱼']	['pescado', 'marisco', 'nadador']	['魚類', '水産物', 'フィッシュ']	['어류', '생선', '해산물']	['pesce', 'pescato', 'prodotto ittico']
flower	flower	fleur	Blume	цветок	花	flor	花	꽃	fiore	['blossom', 'bloom', 'petals']	['floraison', 'pétale', 'bouton']	['Blüte', 'Pflanze', 'Gewächs']	['бутон', 'соцветие', 'цветочек']	['花朵', '花卉', '花儿']	['floración', 'pétalo', 'capullo']	['花弁', '花びら', 'フラワー']	['꽃잎', '화초', '꽃송이']	['bocciolo', 'fiorita', 'petalo']
house	house	maison	Haus	дом	房子	casa	家	집	casa	['home', 'residence', 'dwelling']	['foyer', 'demeure', 'résidence']	['Wohnung', 'Gebäude', 'Unterkunft']	['жилище', 'здание', 'жильё']	['住宅', '家庭', '住所']	['hogar', 'vivienda', 'residencia']	['住居', '建物', 'ホーム']	['가정', '주택', '거처']	['abitazione', 'dimora', 'residenza']
hand	hand	main	Hand	рука	手	mano	手	손	mano	['palm', 'fist', 'digits']	['paume', 'poing', 'mitaine']	['Handfläche', 'Faust', 'Pfote']	['ладонь', 'кулак', 'пятерня']	['手掌', '拳头', '掌']	['palma', 'puño', 'zarpa']	['掌', '握り拳', '手のひら']	['손바닥', '주먹', '장갑']	['palmo', 'pugno', 'manopola']
food	food	nourriture	Essen	еда	食物	comida	食べ物	음식	cibo	['nourishment', 'sustenance', 'nutrition']	['aliment', 'alimentation', 'mets']	['Nahrung', 'Lebensmittel', 'Speise']	['пища', 'продукты', 'кушанье']	['食品', '食材', '餐']	['alimento', 'alimentación', 'nutrición']	['食品', '栄養', '食事']	['식품', '먹거리', '식량']	['alimento', 'nutrimento', 'vitto']
paper	paper	papier	Papier	бумага	纸	papel	紙	종이	carta	['sheet', 'document', 'parchment']	['feuille', 'document', 'parchemin']	['Blatt', 'Dokument', 'Bogen']	['лист', 'документ', 'бумажка']	['纸张', '文件', '纸条']	['hoja', 'documento', 'folio']	['用紙', '書類', 'ペーパー']	['서류', '지폐', '문서']	['foglio', 'documento', 'pergamena']
phone	phone	téléphone	Telefon	телефон	电话	teléfono	電話	전화	telefono	['mobile', 'cellphone', 'telephone']	['portable', 'mobile', 'combiné']	['Handy', 'Mobiltelefon', 'Fernsprecher']	['мобильник', 'сотовый', 'трубка']	['手机', '电话机', '通讯器']	['móvil', 'celular', 'aparato']	['携帯', '電話機', 'スマホ']	['휴대폰', '핸드폰', '통신기']	['cellulare', 'telefonino', 'apparecchio']
road	road	route	Straße	дорога	路	carretera	道路	길	strada	['street', 'path', 'highway']	['rue', 'chemin', 'voie']	['Weg', 'Bahn', 'Pfad']	['путь', 'шоссе', 'тракт']	['道', '公路', '马路']	['camino', 'vía', 'ruta']	['道', '通り', 'ロード']	['도로', '가도', '노']	['via', 'percorso', 'cammino']
key	key	clé	Schlüssel	ключ	钥匙	llave	鍵	열쇠	chiave	['opener', 'lock', 'password']	['passe', 'serrure', 'code']	['Schloss', 'Code', 'Passwort']	['отмычка', 'шифр', 'пароль']	['锁', '密码', '钥']	['cerradura', 'clave', 'código']	['錠', '暗号', 'キー']	['자물쇠', '암호', '비밀번호']	['serratura', 'password', 'codice']
